Rank,Mark,Wind,Competitor,Age,Nat,Pos,Venue,Date,ResultScore,href,Avg Speed kph,Record Age
1,9.97,1.8,Trayvon BROMELL,25.0,USA,1,"Eugene, OR (USA)",2014-06-13,1217,https://www.worldathletics.org/athletes/athlete=273179,36.10832497492478,19.0
2,10.0,1.6,Trentavis FRIDAY,25.0,USA,1h1,"Eugene, OR (USA)",2014-07-05,1206,https://www.worldathletics.org/athletes/athlete=279646,36.0,19.0
3,10.01,0.0,Darrel BROWN,35.0,TTO,1qf3,"Stade de France, Paris-St-Denis (FRA)",2003-08-24,1203,https://www.worldathletics.org/athletes/athlete=170098,35.96403596403597,19.0
3,10.01,1.6,Jeff DEMPS,30.0,USA,2qf1,"Eugene, OR (USA)",2008-06-28,1203,https://www.worldathletics.org/athletes/athlete=228425,35.96403596403597,18.0
3,10.01,0.9,Yoshihide KIRYU,24.0,JPN,1h3,Hiroshima (JPN),2013-04-28,1203,https://www.worldathletics.org/athletes/athlete=268525,35.96403596403597,17.0
6,10.03,0.7,Marcus ROWLAND,30.0,USA,1,Port-of-Spain (TTO),2009-07-31,1196,https://www.worldathletics.org/athletes/athlete=241049,35.89232303090728,20.0
6,10.03,1.7,Lalu Muhammad ZOHRI,20.0,INA,3,"Nagai Stadium, Osaka (JPN)",2019-05-19,1196,https://www.worldathletics.org/athletes/athlete=373792,35.89232303090728,19.0
8,10.04,1.7,D'Angelo CHERRY,29.0,USA,1h4,"Fayetteville, AR (USA)",2009-06-10,1193,https://www.worldathletics.org/athletes/athlete=236710,35.85657370517929,18.0
8,10.04,0.2,Christophe LEMAITRE,30.0,FRA,1,Novi Sad (SRB),2009-07-24,1193,https://www.worldathletics.org/athletes/athlete=235477,35.85657370517929,20.0
8,10.04,1.9,Abdullah Abkar MOHAMMED,23.0,KSA,1f3,"Walnut, CA (USA)",2016-04-15,1193,https://www.worldathletics.org/athletes/athlete=308565,35.85657370517929,19.0
11,10.05,1.0,Davidson EZINWA,48.0,NGR,1,Bauchi (NGR),1990-01-03,1189,https://www.worldathletics.org/athletes/athlete=823,35.82089552238806,18.0
11,10.05,0.1,Adam GEMILI,26.0,GBR,1,"Estadio Olímpico, Barcelona (ESP)",2012-07-11,1189,https://www.worldathletics.org/athletes/athlete=264581,35.82089552238806,18.0
11,10.05,0.6,Abdul Hakim SANI BROWN,21.0,JPN,1,Osaka (JPN),2017-06-24,1189,https://www.worldathletics.org/athletes/athlete=296208,35.82089552238806,18.0
14,10.06,0.0,Sunday EMMANUEL,41.0,NGR,2,Enugu (NGR),1997-04-26,1186,https://www.worldathletics.org/athletes/athlete=137046,35.785288270377734,18.0
14,10.06,2.0,Dwain CHAMBERS,42.0,GBR,1,Ljubljana (SLO),1997-07-25,1186,https://www.worldathletics.org/athletes/athlete=50331,35.785288270377734,20.0
14,10.06,1.5,Walter DIX,34.0,USA,1h,"New York, NY (USA)",2005-05-27,1186,https://www.worldathletics.org/athletes/athlete=195974,35.785288270377734,19.0
14,10.06,0.8,Phatutshedzo MASWANGANYI,19.0,RSA,1sf1,"Bestmed Tuks Stadium, Pretoria (RSA)",2020-03-14,1186,https://www.worldathletics.org/athletes/athlete=361464,35.785288270377734,19.0
18,10.07,2.0,Stanley FLOYD,59.0,USA,1,"Austin, TX (USA)",1980-05-24,1182,https://www.worldathletics.org/athletes/athlete=873,35.749751737835155,19.0
18,10.07,1.1,DaBryan BLANTON,36.0,USA,1h2,"Lincoln, NE (USA)",2003-05-30,1182,https://www.worldathletics.org/athletes/athlete=183148,35.749751737835155,19.0
18,10.07,0.2,Tamunosiki ATORUDIBO,35.0,NGR,1sf2,Abuja (NGR),2004-07-08,1182,https://www.worldathletics.org/athletes/athlete=183896,35.749751737835155,19.0
18,10.07,0.3,Jimmy VICAUT,28.0,FRA,1,Tallinn (EST),2011-07-22,1182,https://www.worldathletics.org/athletes/athlete=248925,35.749751737835155,20.0
22,10.08,-0.1,Andre CASON,51.0,USA,1,"Tallahassee, FL (USA)",1988-06-24,1179,https://www.worldathletics.org/athletes/athlete=448,35.714285714285715,19.0
22,10.08,1.9,Obadele THOMPSON,44.0,BAR,3f1,"El Paso, TX (USA)",1994-04-16,1179,https://www.worldathletics.org/athletes/athlete=9873,35.714285714285715,18.0
22,10.08,0.0,Justin GATLIN,38.0,USA,1,"Eugene, OR (USA)",2001-06-02,1179,https://www.worldathletics.org/athletes/athlete=176453,35.714285714285715,19.0
22,10.08,0.7,J-Mee SAMUELS,33.0,USA,1,"Greensboro, NC (USA)",2005-07-24,1179,https://www.worldathletics.org/athletes/athlete=192177,35.714285714285715,19.0
22,10.08,1.3,Ramil GULIYEV,30.0,AZE,1f1,Istanbul (TUR),2009-06-13,1179,https://www.worldathletics.org/athletes/athlete=226874,35.714285714285715,19.0
27,10.09,1.8,Mel LATTANY,60.0,USA,2,Air Force Academy (USA),1978-07-30,1176,https://www.worldathletics.org/athletes/athlete=7536,35.678889990089196,19.0
27,10.09,0.9,Anthony SCHWARTZ,19.0,USA,1,"Albuquerque, NM (USA)",2018-06-02,1176,https://www.worldathletics.org/athletes/athlete=308456,35.678889990089196,17.0
29,10.1,1.9,Stanley KERR,53.0,USA,1,"Towson, MD (USA)",1986-06-28,1172,https://www.worldathletics.org/athletes/athlete=1382,35.64356435643565,19.0
29,10.1,-1.2,Francis OBIKWELU,41.0,NGR,1,Lisboa (POR),1997-06-20,1179,https://www.worldathletics.org/athletes/athlete=50109,35.64356435643565,18.0
29,10.1,1.9,Mark LEWIS-FRANCIS,37.0,GBR,f2,"Crystal Palace, London (GBR)",2000-08-05,1172,https://www.worldathletics.org/athletes/athlete=171521,35.64356435643565,18.0
29,10.1,1.7,Jaylen BACON,23.0,USA,2,"Mobile, AL (USA)",2015-05-08,1172,https://www.worldathletics.org/athletes/athlete=295756,35.64356435643565,18.0
33,10.11,1.9,Harvey GLANCE,63.0,USA,1,"Eugene, OR (USA)",1976-06-20,1169,https://www.worldathletics.org/athletes/athlete=138782,35.60830860534125,19.0
33,10.11,2.0,Tim MONTGOMERY,45.0,USA,3h3,"Knoxville, TN (USA)",1994-06-15,1169,https://www.worldathletics.org/athletes/athlete=9809,35.60830860534125,19.0
33,10.11,1.2,Yohan BLAKE,30.0,JAM,1,Providenciales (TKS),2007-04-07,1169,https://www.worldathletics.org/athletes/athlete=208640,35.60830860534125,17.0
33,10.11,1.7,Thando DLODLO,21.0,RSA,2sf3,Pretoria (RSA),2018-03-15,1169,https://www.worldathletics.org/athletes/athlete=298595,35.60830860534125,19.0
33,10.11,1.1,Christopher TAYLOR,20.0,JAM,1f2,Kingston (JAM),2018-06-30,1169,https://www.worldathletics.org/athletes/athlete=296742,35.60830860534125,18.0
33,10.11,0.5,Matthew BOLING,20.0,USA,1,San José (CRC),2019-07-19,1169,https://www.worldathletics.org/athletes/athlete=319397,35.60830860534125,20.0
39,10.12,1.6,Christian MALCOLM,41.0,GBR,1,"Park des Sports, Annecy (FRA)",1998-07-29,1165,https://www.worldathletics.org/athletes/athlete=135175,35.57312252964427,20.0
39,10.12,1.5,Willie PERRY,33.0,USA,1,"Indianapolis, IN (USA)",2006-06-22,1165,https://www.worldathletics.org/athletes/athlete=204055,35.57312252964427,19.0
39,10.12,1.3,Zharnel HUGHES,24.0,AIA,1,Kingston (JAM),2014-03-28,1165,https://www.worldathletics.org/athletes/athlete=271965,35.57312252964427,18.0
39,10.12,1.1,Tlotliso Gift LEOTLELA,22.0,RSA,1h1,Pretoria (RSA),2017-03-18,1165,https://www.worldathletics.org/athletes/athlete=290768,35.57312252964427,19.0
39,10.12,0.7,Enoch ADEGOKE,20.0,NGR,1f1,Lagos (NGR),2019-06-15,1165,https://www.worldathletics.org/athletes/athlete=311650,35.57312252964427,19.0
44,10.13,1.9,Derrick FLORENCE,52.0,USA,2,"Towson, MD (USA)",1986-06-28,1162,https://www.worldathletics.org/athletes/athlete=203421,35.53800592300099,18.0
44,10.13,1.7,Prezel HARDY,28.0,USA,1f2,"Waco, TX (USA)",2011-04-23,1162,https://www.worldathletics.org/athletes/athlete=247836,35.53800592300099,19.0
44,10.13,1.4,Oblique SEVILLE,19.0,JAM,1,Kingston (JAM),2019-03-29,1162,https://www.worldathletics.org/athletes/athlete=317466,35.53800592300099,18.0
47,10.14,0.4,Roy MARTIN,53.0,USA,1,"Austin, TX (USA)",1984-04-06,1159,https://www.worldathletics.org/athletes/athlete=1756,35.50295857988166,17.0
47,10.14,2.0,Sven MATTHES,51.0,GDR,1,Berlin (GER),1988-09-13,1159,https://www.worldathletics.org/athletes/athlete=9759,35.50295857988166,20.0
47,10.14,1.9,Keston BLEDMAN,32.0,TTO,2sf1,Port-of-Spain (TTO),2007-06-23,1159,https://www.worldathletics.org/athletes/athlete=208570,35.50295857988166,19.0
47,10.14,2.0,Noah LYLES,22.0,USA,1,"Eugene, OR (USA)",2015-06-26,1159,https://www.worldathletics.org/athletes/athlete=284369,35.50295857988166,17.0
47,10.14,1.9,Yenns R. FERNÁNDEZ,19.0,CUB,2f1,La Habana (CUB),2019-06-07,1159,https://www.worldathletics.org/athletes/athlete=317148,35.50295857988166,18.0
53,10.15,-1.1,Seun OGUNKOYA,42.0,NGR,h,Makurdi (NGR),1996-04-14,1161,https://www.worldathletics.org/athletes/athlete=50108,35.467980295566505,18.0
53,10.15,-0.6,Olusoji Adetokunbo FASUBA,36.0,NGR,1,Hyderabad (IND),2003-10-30,1158,https://www.worldathletics.org/athletes/athlete=198597,35.467980295566505,20.0
53,10.15,1.7,Demi OMOLE,34.0,USA,5,"Austin, TX (USA)",2004-06-11,1155,https://www.worldathletics.org/athletes/athlete=200543,35.467980295566505,18.0
53,10.15,0.9,Filippo TORTU,22.0,ITA,1f1,Savona (ITA),2017-05-25,1155,https://www.worldathletics.org/athletes/athlete=291955,35.467980295566505,19.0
53,10.15,1.5,Jake DORAN,19.0,AUS,1f1,Jämsä (FIN),2018-07-01,1155,https://www.worldathletics.org/athletes/athlete=314790,35.467980295566505,17.0
58,10.16,1.9,Houston MCTEAR,63.0,USA,2,"Eugene, OR (USA)",1976-06-20,1152,https://www.worldathletics.org/athletes/united-states/houston-mctear-014346869,35.43307086614173,19.0
58,10.16,-0.9,Dexter LEE,29.0,JAM,2,Barcelona (ESP),2010-07-09,1157,https://www.worldathletics.org/athletes/athlete=224245,35.43307086614173,19.0
58,10.16,1.5,Denis DIMITROV,26.0,BUL,1,Pravets (BUL),2013-06-15,1152,https://www.worldathletics.org/athletes/athlete=261373,35.43307086614173,19.0
58,10.16,1.3,Jevaughn MINZIE,24.0,JAM,2,Kingston (JAM),2014-03-28,1152,https://www.worldathletics.org/athletes/athlete=263594,35.43307086614173,18.0
58,10.16,1.9,Ojie EDOBURUN,24.0,GBR,2sf1,Bedford (GBR),2014-08-23,1152,https://www.worldathletics.org/athletes/athlete=282298,35.43307086614173,19.0
58,10.16,1.4,Nigel ELLIS,22.0,JAM,1,St. George's (GRN),2016-03-26,1152,https://www.worldathletics.org/athletes/athlete=289707,35.43307086614173,18.0
64,10.17,2.0,Calvin SMITH,59.0,USA,2,"Austin, TX (USA)",1980-05-24,1148,https://www.worldathletics.org/athletes/athlete=2696,35.39823008849557,19.0
64,10.17,1.7,Sultan MCCULLOUGH,40.0,USA,1,"Los Angeles, CA (USA)",1999-03-06,1148,https://www.worldathletics.org/athletes/athlete=138938,35.39823008849557,19.0
64,10.17,1.4,Sean LAMBERT,37.0,GRN,3h3,"Eugene, OR (USA)",2001-05-31,1148,https://www.worldathletics.org/athletes/athlete=134058,35.39823008849557,18.0
64,10.17,1.2,Aaron ERNEST,26.0,USA,2h1,"Des Moines, IA (USA)",2012-06-06,1148,https://www.worldathletics.org/athletes/athlete=256398,35.39823008849557,18.0
64,10.17,0.4,Reynier MENA,23.0,CUB,1,Edmonton (CAN),2015-07-31,1148,https://www.worldathletics.org/athletes/athlete=276276,35.39823008849557,19.0
69,10.18,2.0,Sam GRADDY,56.0,USA,3,Caracas (VEN),1983-08-24,1145,https://www.worldathletics.org/athletes/athlete=136598,35.36345776031435,20.0
69,10.18,0.8,Roscoe TATUM,54.0,USA,2,"Fayetteville, AR (USA)",1985-05-18,1145,https://www.worldathletics.org/athletes/united-states/roscoe-tatum-014345505,35.36345776031435,19.0
69,10.18,2.0,Rae Monzavous EDWARDS,39.0,USA,1,"Denton, TX (USA)",2000-06-23,1145,https://www.worldathletics.org/athletes/athlete=175237,35.36345776031435,19.0
69,10.18,2.0,Taiwo AJIBADE,37.0,NGR,1,"El Paso, TX (USA)",2002-04-13,1145,https://www.worldathletics.org/athletes/athlete=170190,35.36345776031435,19.0
69,10.18,-0.6,Marc BURNS,37.0,TTO,2,"National Stadium, Kingston (JAM)",2002-07-17,1148,https://www.worldathletics.org/athletes/athlete=177492,35.36345776031435,20.0
69,10.18,1.1,Ryan CLARK,23.0,USA,1,La Habana (CUB),2015-06-13,1145,https://www.worldathletics.org/athletes/athlete=275708,35.36345776031435,18.0
69,10.18,2.0,Christian COLEMAN,24.0,USA,2,"Eugene, OR (USA)",2015-06-26,1145,https://www.worldathletics.org/athletes/athlete=291462,35.36345776031435,19.0
69,10.18,1.3,Sydney SIAME,22.0,ZAM,1h1,Lusaka (ZAM),2015-06-27,1145,https://www.worldathletics.org/athletes/athlete=291882,35.36345776031435,17.0
69,10.18,1.1,Khairul Hafiz JANTAN,21.0,MAS,1,Kuching (MAS),2016-07-27,1145,https://www.worldathletics.org/athletes/athlete=299268,35.36345776031435,18.0
69,10.18,1.6,Maxwell WILLIS,21.0,USA,6sf3,"Eugene, OR (USA)",2017-06-07,1145,https://www.worldathletics.org/athletes/athlete=293854,35.36345776031435,18.0
69,10.18,0.5,Paulo André CAMILO DE OLIVEIRA,21.0,BRA,1,Sao Bernardo do Campo (BRA),2017-06-09,1145,https://www.worldathletics.org/athletes/athlete=299294,35.36345776031435,18.0
69,10.18,-0.6,Thembo John MONARENG,21.0,RSA,1,Sasolburg (RSA),2018-04-28,1148,https://www.worldathletics.org/athletes/athlete=295717,35.36345776031435,19.0
81,10.19,1.0,Bernhard HOFF,61.0,GDR,1h1,Donetsk (URS),1977-08-19,1142,https://www.worldathletics.org/athletes/german-dem-rep/bernhard-hoff-014348665,35.32875368007851,19.0
81,10.19,1.0,Raymond STEWART,55.0,JAM,1h1,Port-of-Spain (TTO),1984-05-19,1142,https://www.worldathletics.org/athletes/athlete=2769,35.32875368007851,19.0
81,10.19,2.0,Eddy DE LEPINE,36.0,FRA,1,Fort-de-France (FRA),2003-06-07,1142,https://www.worldathletics.org/athletes/athlete=184501,35.32875368007851,19.0
81,10.19,1.6,Daniel BAILEY,33.0,ANT,1sf1,"Stadio Zecchini, Grosseto (ITA)",2004-07-13,1142,https://www.worldathletics.org/athletes/athlete=195976,35.32875368007851,18.0
81,10.19,1.1,Terrell WILKS,30.0,USA,1,"Columbus, OH (USA)",2008-06-20,1142,https://www.worldathletics.org/athletes/athlete=238762,35.32875368007851,18.0
81,10.19,1.3,Abraham HALL,27.0,USA,1,"Austin, TX (USA)",2012-05-12,1142,https://www.worldathletics.org/athletes/athlete=271227,35.32875368007851,19.0
81,10.19,1.7,Tyreek HILL,26.0,USA,1h2,"Orlando, FL (USA)",2012-05-26,1142,https://www.worldathletics.org/athletes/athlete=273226,35.32875368007851,18.0
81,10.19,0.1,Julian FORTE,27.0,JAM,1f1,Kingston (JAM),2012-05-26,1142,https://www.worldathletics.org/athletes/athlete=247930,35.32875368007851,19.0
81,10.19,1.3,Akani SIMBINE,26.0,RSA,1,Lusaka (ZAM),2012-12-11,1142,https://www.worldathletics.org/athletes/athlete=258125,35.32875368007851,19.0
81,10.19,1.8,Michael O'HARA,23.0,JAM,2f12,Kingston (JAM),2014-05-24,1142,https://www.worldathletics.org/athletes/athlete=271831,35.32875368007851,17.0
81,10.19,1.6,Jalen MILLER,25.0,USA,2h1,"Eugene, OR (USA)",2014-07-05,1142,https://www.worldathletics.org/athletes/athlete=287739,35.32875368007851,19.0
81,10.19,1.4,Ryiem ROBERTSON,19.0,JAM,2,Kingston (JAM),2019-03-29,1142,https://www.worldathletics.org/athletes/athlete=317327,35.32875368007851,18.0
81,10.19,1.5,Edward OSEI-NKETIA,19.0,NZL,1sf1,Sydney (AUS),2019-04-06,1142,https://www.worldathletics.org/athletes/athlete=315103,35.32875368007851,18.0
81,10.19,0.4,Joel JOHNSON,19.0,BAH,1h2,Nassau (BAH),2019-07-26,1142,https://www.worldathletics.org/athletes/athlete=317238,35.32875368007851,19.0
95,10.2,0.2,Eric BROWN,60.0,USA,2,"Westwood, CA (USA)",1979-04-28,1138,https://www.worldathletics.org/athletes/united-states/eric-brown-014349450,35.294117647058826,19.0
95,10.2,0.0,Massimiliano DONATI,41.0,ITA,1,Sarajevo (BIH),1998-05-30,1138,https://www.worldathletics.org/athletes/athlete=135133,35.294117647058826,19.0
95,10.2,1.0,Brendan CHRISTIAN,36.0,ANT,1,"Sacramento, CA (USA)",2002-06-08,1138,https://www.worldathletics.org/athletes/athlete=176641,35.294117647058826,18.0
95,10.2,1.4,Darryl HARAWAY,23.0,USA,1,"Greensboro, NC (USA)",2014-06-15,1138,https://www.worldathletics.org/athletes/athlete=284818,35.294117647058826,17.0
95,10.2,0.1,Brian KASINDA,22.0,ZAM,1f1,Lusaka (ZAM),2016-02-20,1138,https://www.worldathletics.org/athletes/athlete=282984,35.294117647058826,18.0
95,10.2,2.0,Clarence MUNYAI,22.0,RSA,2f5,Pretoria (RSA),2017-03-04,1138,https://www.worldathletics.org/athletes/athlete=297309,35.294117647058826,19.0
95,10.2,2.0,Sachin DENNIS,17.0,JAM,1,Kingston (JAM),2018-03-23,1138,/athletes/athlete=309377,35.294117647058826,15.0
102,10.21,-0.4,Carl LEWIS,59.0,USA,1,"Knoxville, TN (USA)",1980-06-16,1137,/athletes/athlete=1622,35.25954946131244,19.0
102,10.21,0.3,Terry SCOTT,56.0,USA,1f1,"Philadelphia, PA (USA)",1983-04-30,1135,/athletes/athlete=237643,35.25954946131244,19.0
102,10.21,1.6,Luis MORALES,56.0,PUR,1f2,"Modesto, CA (USA)",1983-05-14,1135,/athletes/athlete=6582,35.25954946131244,19.0
102,10.21,2.0,Dennis MITCHELL,54.0,USA,1,"Starkville, MS (USA)",1985-05-18,1135,/athletes/athlete=1896,35.25954946131244,19.0
102,10.21,-0.1,Joe DELOACH,53.0,USA,6,"Indianapolis, IN (USA)",1985-06-15,1135,/athletes/athlete=672,35.25954946131244,18.0
102,10.21,1.5,Jamie HENDERSON,51.0,GBR,1,Birmingham (GBR),1987-08-06,1135,/athletes/athlete=11446,35.25954946131244,19.0
102,10.21,1.2,Deji ALIU,44.0,NGR,1,"Estadio Universitario, Lisboa (POR)",1994-07-21,1135,/athletes/athlete=12775,35.25954946131244,19.0
102,10.21,1.2,Tim GOEBEL,38.0,GER,1,Stuttgart (GER),2001-06-30,1135,/athletes/athlete=136932,35.25954946131244,19.0
102,10.21,1.1,Jonathan WADE,36.0,USA,1,"Baton Rouge, LA (USA)",2002-05-04,1135,/athletes/athlete=184096,35.25954946131244,18.0
102,10.21,2.0,Willie HORDGE,36.0,USA,1,"Albuquerque, NM (USA)",2002-05-25,1135,/athletes/athlete=184094,35.25954946131244,18.0
102,10.21,1.0,Brandon MYERS,32.0,USA,1,"Prairie View, TX (USA)",2006-04-01,1135,/athletes/athlete=210658,35.25954946131244,18.0
102,10.21,0.8,Keenan BROCK,28.0,USA,1f1,"Auburn, AL (USA)",2011-04-02,1135,/athletes/athlete=249843,35.25954946131244,19.0
102,10.21,1.3,Tevin HESTER,26.0,USA,1h4,"Greensboro, NC (USA)",2013-05-23,1135,/athletes/athlete=258794,35.25954946131244,19.0
102,10.21,-0.6,Kendal WILLIAMS,24.0,USA,1,"Hayward Field, Eugene, OR (USA)",2014-07-23,1138,/athletes/athlete=264050,35.25954946131244,19.0
102,10.21,1.8,Okeen WILLIAMS,24.0,JAM,1f6,Montego Bay (JAM),2015-02-14,1135,/athletes/athlete=271650,35.25954946131244,19.0
102,10.21,1.5,Mario BURKE,23.0,BAR,1,Basse-Terre (SKN),2015-04-04,1135,/athletes/athlete=275026,35.25954946131244,18.0
102,10.21,1.6,Jack HALE,22.0,AUS,1h2,Mannheim (GER),2016-06-25,1135,/athletes/athlete=294976,35.25954946131244,18.0
102,10.21,1.0,Romell GLAVE,20.0,JAM,1,Bedford (GBR),2017-06-17,1135,/athletes/athlete=314100,35.25954946131244,17.0
102,10.21,-0.4,Micah WILLIAMS,18.0,USA,1,"Beaverton, OR (USA)",2019-05-03,1137,/athletes/athlete=322931,35.25954946131244,17.0
121,10.22,0.6,Bruce DAVIS,57.0,USA,2,"College Station, TX (USA)",1981-04-25,1132,/athletes/united-states/bruce-davis-014359361,35.22504892367906,18.0
121,10.22,1.9,Michael MARSH,52.0,USA,3,"Towson, MD (USA)",1986-06-28,1132,/athletes/athlete=1751,35.22504892367906,18.0
121,10.22,1.0,Osmond EZINWA,48.0,NGR,3,Bauchi (NGR),1990-01-02,1132,/athletes/athlete=4326,35.22504892367906,18.0
121,10.22,1.7,Ato BOLDON,46.0,TTO,1,"Modesto, CA (USA)",1992-05-08,1132,/athletes/athlete=9066,35.22504892367906,18.0
121,10.22,-0.3,Ricky CARRIGAN,47.0,USA,1,"Long Beach, CA (USA)",1992-05-16,1133,/athletes/athlete=13983,35.22504892367906,19.0
121,10.22,0.9,Vitaliy MEDVEDEV,43.0,KAZ,2f1,Almaty (KAZ),1995-07-14,1132,/athletes/athlete=20187,35.22504892367906,19.0
121,10.22,1.1,Craig PICKERING,33.0,GBR,1,Loughborough (GBR),2005-05-22,1132,/athletes/athlete=192553,35.22504892367906,18.0
121,10.22,-0.1,Vitor Hugo DOS SANTOS,24.0,BRA,1,Sao Bernardo do Campo (BRA),2015-05-14,1132,/athletes/athlete=273529,35.22504892367906,19.0
121,10.22,0.9,Kalon BARNES,21.0,USA,1,"Austin, TX (USA)",2017-05-13,1132,/athletes/athlete=319339,35.22504892367906,18.0
121,10.22,1.6,Malesela SENONA,21.0,RSA,1,Paarl (RSA),2018-04-05,1132,/athletes/athlete=297418,35.22504892367906,19.0
121,10.22,0.4,Kesean CARTER,20.0,USA,1,"Austin, TX (USA)",2018-05-11,1132,/athletes/athlete=317403,35.22504892367906,18.0
121,10.22,1.2,Eric HARRISON,21.0,USA,3,"Ratina Stadium, Tampere (FIN)",2018-07-11,1132,/athletes/athlete=311761,35.22504892367906,19.0
121,10.22,1.4,Henrik LARSSON,20.0,SWE,1sf2,"Ratina Stadium, Tampere (FIN)",2018-07-11,1132,/athletes/athlete=302770,35.22504892367906,18.0
121,10.22,1.4,Michael STEPHENS,19.0,JAM,2sf2,"Ratina Stadium, Tampere (FIN)",2018-07-11,1132,/athletes/athlete=297801,35.22504892367906,17.0
121,10.22,1.9,Arnaldo L. ROMERO,20.0,CUB,5f1,La Habana (CUB),2019-06-07,1132,/athletes/athlete=317149,35.22504892367906,19.0
136,10.23,1.9,Johnny JONES,62.0,USA,4,"Eugene, OR (USA)",1976-06-20,1128,/athletes/athlete=286235,35.19061583577713,18.0
136,10.23,0.7,DeMario WESLEY,40.0,USA,1,"Austin, TX (USA)",1998-05-16,1128,/athletes/athlete=180911,35.19061583577713,18.0
136,10.23,2.0,Andra FIFER,39.0,USA,2,"Denton, TX (USA)",2000-06-23,1128,/athletes/athlete=175790,35.19061583577713,19.0
136,10.23,1.2,Rynell PARSON,30.0,USA,1,"Indianapolis, IN (USA)",2007-06-21,1128,/athletes/athlete=224523,35.19061583577713,17.0
136,10.23,2.0,Kukyoung KIM,29.0,KOR,1sf1,Daegu (KOR),2010-06-07,1128,/athletes/athlete=239789,35.19061583577713,19.0
136,10.23,-0.7,Charles SILMON,29.0,USA,2,"Moncton Stadium, Moncton (CAN)",2010-07-21,1132,/athletes/athlete=237294,35.19061583577713,20.0
136,10.23,1.8,Ryota YAMAGATA,28.0,JPN,3,Yamaguchi (JPN),2011-10-08,1128,/athletes/athlete=245188,35.19061583577713,20.0
136,10.23,1.3,Kazuma OSETO,25.0,JPN,3h1,Hiroshima (JPN),2012-04-29,1128,/athletes/athlete=259959,35.19061583577713,17.0
136,10.23,0.7,Langston JACKSON,20.0,USA,1f3,"Un. of Kentucky Outdoor Track Facility, Lexington, KY (USA)",2019-06-01,1128,/athletes/athlete=421414,35.19061583577713,19.0
136,10.23,0.0,Erik CARDOSO,20.0,BRA,1,Cali (COL),2019-06-15,1128,/athletes/athlete=310078,35.19061583577713,19.0
146,10.24,0.6,Silvio LEONARD,64.0,CUB,1,Praha (TCH),1973-09-04,1125,/athletes/athlete=6332,35.15625,18.0
146,10.24,2.0,Curtis JOHNSON,46.0,USA,1,"Winter Park, FL (USA)",1991-05-05,1125,/athletes/athlete=4106,35.15625,17.0
146,10.24,0.4,Kazuhiro TAKAHASHI,43.0,JPN,1,Toyama (JPN),1994-08-02,1125,/athletes/athlete=20127,35.15625,18.0
146,10.24,1.1,Tesfa LATTY,35.0,JAM,1,Kingston (JAM),2003-04-05,1125,/athletes/athlete=184161,35.15625,18.0
146,10.24,1.0,Leigh JULIUS,35.0,RSA,1,Durban (RSA),2003-12-07,1125,/athletes/athlete=184660,35.15625,19.0
146,10.24,1.1,Simeon WILLIAMSON,34.0,GBR,1,Bedford (GBR),2005-07-02,1125,/athletes/athlete=200751,35.15625,19.0
146,10.24,1.2,Scott WIMS,32.0,USA,2,"Indianapolis, IN (USA)",2007-06-21,1125,/athletes/athlete=226552,35.15625,19.0
146,10.24,2.0,Arthur DELANEY,27.0,USA,3,"Eugene, OR (USA)",2012-05-13,1125,/athletes/athlete=258101,35.15625,19.0
155,10.25,-0.8,Pierfrancesco PAVONI,57.0,ITA,2,Athina (GRE),1982-09-07,1126,/athletes/athlete=2217,35.1219512195122,20.0
155,10.25,1.0,Henry THOMAS,53.0,USA,1,"Los Angeles, CA (USA)",1985-03-30,1122,/athletes/athlete=2888,35.1219512195122,18.0
155,10.25,0.0,Rodney BRIDGES,49.0,USA,2,"Tucson, AZ (USA)",1990-05-05,1122,/athletes/athlete=4104,35.1219512195122,19.0
155,10.25,0.7,Jason LIVINGSTON,49.0,GBR,2,"Deveti Septemvri Stadium, Plovdiv (BUL)",1990-08-09,1122,/athletes/athlete=1642,35.1219512195122,20.0
155,10.25,1.2,Jason GARDENER,44.0,GBR,2,"Estadio Universitario, Lisboa (POR)",1994-07-21,1122,/athletes/athlete=20294,35.1219512195122,19.0
155,10.25,0.0,Michael MARTIN,43.0,USA,1,"Houston, TX (USA)",1996-03-22,1122,/athletes/athlete=136973,35.1219512195122,19.0
155,10.25,2.0,Kazuhiro TAMURA,42.0,JPN,sf,Tokyo (JPN),1997-09-12,1122,/athletes/athlete=194839,35.1219512195122,20.0
155,10.25,0.8,Salem Mubarak AL YAMI,38.0,KSA,1f2,Helsinki (FIN),2001-06-14,1122,/athletes/athlete=170289,35.1219512195122,19.0
155,10.25,1.5,Gary JONES,31.0,USA,1,"Los Angeles, CA (USA)",2007-05-12,1122,/athletes/athlete=227150,35.1219512195122,18.0
155,10.25,1.0,Femi OGUNODE,29.0,QAT,1,Aleppo (SYR),2010-09-18,1122,/athletes/athlete=253885,35.1219512195122,20.0
155,10.25,1.2,Marvin BRACY,26.0,USA,1,"Bunnell, FL (USA)",2012-04-26,1122,/athletes/athlete=255919,35.1219512195122,18.0
155,10.25,-1.2,Jazeel MURPHY,26.0,JAM,2sf1,"Estadio Olímpico, Barcelona (ESP)",2012-07-11,1129,/athletes/athlete=246674,35.1219512195122,18.0
155,10.25,1.2,Andre DE GRASSE,25.0,CAN,1,Windsor (CAN),2013-06-29,1122,/athletes/athlete=279980,35.1219512195122,18.0
155,10.25,1.7,Levi Asher CADOGAN,24.0,BAR,2,Fort-de-France (FRA),2014-04-19,1122,/athletes/athlete=271336,35.1219512195122,18.0
155,10.25,1.9,Jonathan FARINHA,24.0,TTO,1,Port-of-Spain (TTO),2014-05-31,1122,/athletes/athlete=271829,35.1219512195122,18.0
155,10.25,-1.6,Demek KEMP,24.0,USA,1f1,"Savannah, GA (USA)",2015-04-01,1131,/athletes/athlete=296620,35.1219512195122,19.0
155,10.25,0.0,Raheem CHAMBERS,22.0,JAM,2,Kingston (JAM),2016-03-18,1122,/athletes/athlete=280421,35.1219512195122,18.0
155,10.25,1.6,Jhevaughn MATHERSON,21.0,JAM,1,Kingston (JAM),2017-03-04,1122,/athletes/athlete=289643,35.1219512195122,18.0
155,10.25,1.2,Dominic ASHWELL,21.0,GBR,5,"Ratina Stadium, Tampere (FIN)",2018-07-11,1122,/athletes/athlete=296600,35.1219512195122,19.0
174,10.26,1.9,Herschel WALKER,58.0,USA,1,"Athens, GA (USA)",1981-04-04,1118,/athletes/united-states/herschel-walker-014358371,35.08771929824562,19.0
174,10.26,1.9,Jason LEACH,54.0,USA,2h3,"Fayetteville, AR (USA)",1985-05-17,1118,/athletes/united-states/jason-leach-014352512,35.08771929824562,19.0
174,10.26,0.9,Tao LI,52.0,CHN,1,Jakarta (INA),1986-12-05,1118,/athletes/athlete=4735,35.08771929824562,19.0
174,10.26,1.0,Peter IFEDUBA,51.0,NGR,1sf2,Bauchi (NGR),1988-07-01,1118,/athletes/nigeria/peter-ifeduba-014351905,35.08771929824562,19.0
174,10.26,2.0,Lin WEI,45.0,CHN,2,Beijing (CHN),1993-09-08,1118,/athletes/athlete=20203,35.08771929824562,19.0
174,10.26,1.2,Deworski ODOM,43.0,USA,3,"Estadio Universitario, Lisboa (POR)",1994-07-21,1118,/athletes/athlete=131643,35.08771929824562,18.0
174,10.26,0.4,Pat JOHNSON,43.0,USA,2,"Des Moines, IA (USA)",1995-04-28,1118,/athletes/athlete=50010,35.08771929824562,18.0
174,10.26,0.0,Tyson WILSON,42.0,USA,2,"Houston, TX (USA)",1996-03-22,1118,/athletes/united-states/tyson-wilson-014255274,35.08771929824562,18.0
174,10.26,1.6,Michael FRATER,37.0,JAM,2,"Arlington, TX (USA)",2001-05-04,1118,/athletes/athlete=170936,35.08771929824562,18.0
174,10.26,1.0,Saad Faraj AL SHAHWANI,36.0,QAT,1,Debrecen (HUN),2002-06-20,1118,/athletes/athlete=170676,35.08771929824562,18.0
174,10.26,0.7,Justyn WARNER,33.0,CAN,2,Windsor (CAN),2005-07-30,1118,/athletes/athlete=203616,35.08771929824562,19.0
174,10.26,1.1,Leevan YEARWOOD,32.0,GBR,1,Hendon (GBR),2007-08-26,1118,/athletes/athlete=210915,35.08771929824562,20.0
174,10.26,1.0,Jeryl BRAZIL,26.0,USA,1f1,"Covington, LA (USA)",2012-03-17,1118,/athletes/athlete=263094,35.08771929824562,18.0
174,10.26,1.5,Chijindu UJAH,26.0,GBR,1,Bedford (GBR),2012-08-25,1118,/athletes/athlete=265959,35.08771929824562,19.0
174,10.26,1.8,Daisuke MIYAMOTO,21.0,JPN,2h2,Hiroshima (JPN),2018-04-29,1118,/athletes/athlete=296225,35.08771929824562,19.0
174,10.26,0.9,Taylor BANKS,19.0,USA,2,"Albuquerque, NM (USA)",2018-06-02,1118,/athletes/athlete=313830,35.08771929824562,17.0
191,10.27,0.9,Dwayne STROZIER,63.0,USA,1h1,"Tempe, AZ (USA)",1976-05-07,1115,/athletes/united-states/dwayne-strozier-014352377,35.05355404089581,19.0
191,10.27,0.0,Ken ROBINSON,56.0,USA,1,"Tempe, AZ (USA)",1982-03-27,1115,/athletes/united-states/ken-robinson-014350809,35.05355404089581,18.0
191,10.27,1.0,Steffen BRINGMANN,56.0,GDR,3,Berlin (GER),1983-06-08,1115,/athletes/athlete=344,35.05355404089581,19.0
191,10.27,1.4,Floyd HEARD,54.0,USA,1,"Sacramento, CA (USA)",1985-06-08,1115,/athletes/athlete=1124,35.05355404089581,19.0
191,10.27,1.4,Lee MCRAE,54.0,USA,4,"Baton Rouge, LA (USA)",1985-07-28,1115,/athletes/athlete=20814,35.05355404089581,20.0
191,10.27,-1.1,Mark MITCHELL,53.0,USA,1,Budapest (HUN),1986-07-12,1121,/athletes/united-states/mark-mitchell-014357831,35.05355404089581,20.0
191,10.27,1.8,Hideyaki MIYATA,48.0,JPN,1sf3,Fukuoka (JPN),1990-10-22,1115,/athletes/athlete=4110,35.05355404089581,19.0
191,10.27,1.3,Misael ORTIZ,41.0,CUB,1,La Habana (CUB),1997-07-05,1115,/athletes/athlete=139306,35.05355404089581,18.0
191,10.27,0.0,Gong WEI,41.0,CHN,sf,Shanghai (CHN),1997-10-17,1115,/athletes/athlete=177196,35.05355404089581,19.0
191,10.27,1.9,Carlos FRANCIS,39.0,USA,1,"Lubbock, TX (USA)",2000-04-21,1115,/athletes/athlete=189045,35.05355404089581,19.0
191,10.27,0.5,Omar BROWN,38.0,JAM,7,Kingston (JAM),2000-07-21,1115,/athletes/athlete=170931,35.05355404089581,19.0
191,10.27,1.0,Yhann PLUMMER,37.0,JAM,h,Spanish Town (JAM),2002-02-28,1115,/athletes/athlete=189258,35.05355404089581,19.0
191,10.27,1.0,Ivory WILLIAMS,35.0,USA,2,"Sacramento, CA (USA)",2002-06-08,1115,/athletes/athlete=188724,35.05355404089581,17.0
191,10.27,1.8,Tyler ALEXANDER,30.0,USA,5h3,"Hutchinson, KS (USA)",2009-05-22,1115,/athletes/athlete=247130,35.05355404089581,19.0
191,10.27,1.9,Raymond BOZMANS,25.0,USA,1,"Littleton, CO (USA)",2012-04-21,1115,/athletes/athlete=271627,35.05355404089581,17.0
191,10.27,-0.2,Terry JERNIGAN,24.0,USA,1,"Orlando, FL (USA)",2014-05-24,1116,/athletes/athlete=289725,35.05355404089581,18.0
191,10.27,0.4,Cejhae GREENE,24.0,ANT,1h1,"Hayward Field, Eugene, OR (USA)",2014-07-22,1115,/athletes/athlete=265682,35.05355404089581,19.0
191,10.27,1.8,Mishal Khalifa AL MUTAIRI,23.0,KUW,6,Wuhan (CHN),2015-06-04,1115,/athletes/athlete=284441,35.05355404089581,18.0
191,10.27,1.2,Trae WILLIAMS,23.0,AUS,1,Perth (AUS),2016-03-12,1115,/athletes/athlete=278956,35.05355404089581,19.0
191,10.27,-1.2,Michael NORMAN,22.0,USA,1f2,"Walnut, CA (USA)",2016-04-16,1122,/athletes/athlete=282868,35.05355404089581,18.0
191,10.27,1.0,Ippei TAKEDA,23.0,JPN,1f1,Mito (JPN),2016-05-05,1115,/athletes/athlete=298261,35.05355404089581,19.0
191,10.27,0.5,Felipe BARDI DOS SANTOS,21.0,BRA,3,Sao Bernardo do Campo (BRA),2017-06-09,1115,/athletes/athlete=298164,35.05355404089581,18.0
191,10.27,1.1,Jeremiah AZU,19.0,GBR,1f1,Loughborough (GBR),2019-05-19,1115,/athletes/athlete=322164,35.05355404089581,18.0
191,10.27,0.8,Michali EVERETT,19.0,JAM,2,Kingston (JAM),2019-06-21,1115,/athletes/athlete=316207,35.05355404089581,18.0
217,10.28,1.0,Rod RICHARDSON,57.0,USA,1,"Laredo, TX (USA)",1981-03-07,1112,/athletes/united-states/rod-richardson-014344690,35.01945525291829,18.0
217,10.28,1.8,David JACKSON,54.0,PUR,1h4,"Cape Girardeau, MO (USA)",1985-04-05,1112,/athletes/united-states/david-jackson-014241640,35.01945525291829,19.0
217,10.28,1.0,Calvin LONG,54.0,USA,1h1,"Odessa, TX (USA)",1985-05-16,1112,/athletes/united-states/calvin-long-014350883,35.01945525291829,19.0
217,10.28,0.9,Jon DRUMMOND,51.0,USA,1h1,"Tucson, AZ (USA)",1987-06-19,1112,/athletes/athlete=745,35.01945525291829,18.0
217,10.28,-1.1,Ibrahim MEITÉ,43.0,CIV,1qf1,Fukuoka (JPN),1995-08-31,1118,/athletes/athlete=9030,35.01945525291829,19.0
217,10.28,0.0,Chinedu ORIALA,38.0,NGR,h,Benin City (NGR),1997-03-21,1112,/athletes/athlete=172879,35.01945525291829,15.0
217,10.28,1.5,Hisashi MIYAZAKI,39.0,JPN,1,Kurube (JPN),1997-06-29,1112,/athletes/athlete=179945,35.01945525291829,16.0
217,10.28,0.0,Tyson GAY,37.0,USA,1,"Lafayette, LA (USA)",2001-05-09,1112,/athletes/athlete=185464,35.01945525291829,18.0
217,10.28,1.5,Richard ADU-BOBIE,35.0,CAN,4,Victoria (CAN),2004-07-10,1112,/athletes/athlete=202695,35.01945525291829,19.0
217,10.28,1.1,Yahya Saed AL KAHES,34.0,KSA,1,Tunis (TUN),2005-09-16,1112,/athletes/athlete=196927,35.01945525291829,20.0
217,10.28,0.0,Alonso EDWARD,30.0,PAN,1,Sao Paulo (BRA),2007-06-30,1112,/athletes/athlete=228410,35.01945525291829,17.0
217,10.28,0.0,Julian REUS,32.0,GER,1,Ulm (GER),2007-08-03,1112,/athletes/athlete=207650,35.01945525291829,20.0
217,10.28,1.4,Ryan BAILEY,31.0,USA,9f2,"Modesto, CA (USA)",2008-05-10,1112,/athletes/athlete=238611,35.01945525291829,19.0
217,10.28,-0.2,Kemar BAILEY-COLE,28.0,JAM,2,Montego Bay (JAM),2011-04-23,1113,/athletes/athlete=246675,35.01945525291829,19.0
217,10.28,1.3,Beejay LEE,27.0,USA,7h3,"Des Moines, IA (USA)",2012-06-06,1112,/athletes/athlete=266825,35.01945525291829,19.0
217,10.28,0.1,Odean SKEEN,25.0,JAM,3,"Estadio Olímpico, Barcelona (ESP)",2012-07-11,1112,/athletes/athlete=254806,35.01945525291829,17.0
217,10.28,0.9,Yaniel CARRERO,24.0,CUB,3,Veracruz (MEX),2014-11-25,1112,/athletes/athlete=262146,35.01945525291829,19.0
217,10.28,2.0,Wataru INUZUKA,23.0,JPN,1sf2,Wakayama (JPN),2015-10-02,1112,/athletes/athlete=286610,35.01945525291829,19.0
217,10.28,-0.2,Tinotenda MATIYENGA,21.0,ZIM,1f5,"Fort Worth, TX (USA)",2018-03-17,1113,/athletes/athlete=302229,35.01945525291829,19.0
217,10.28,1.2,Elviano JOHNSON,17.0,RSA,1h3,"Bestmed Tuks Stadium, Pretoria (RSA)",2020-03-14,1112,/athletes/athlete=371283,35.01945525291829,17.0
238,10.29,1.4,Peter RADFORD,80.0,GBR,1,Colombes (FRA),1958-09-13,1108,/athletes/great-britain-ni/peter-radford-014357209,34.98542274052479,19.0
238,10.29,2.0,Bruno MARIE-ROSE,55.0,FRA,1sf1,Villeneuve d'Ascq (FRA),1984-06-30,1108,/athletes/athlete=1731,34.98542274052479,19.0
238,10.29,2.0,Lorenzo DANIEL,54.0,USA,3,"Starkville, MS (USA)",1985-05-18,1108,/athletes/athlete=612,34.98542274052479,19.0
238,10.29,0.5,Olapade ADENIKEN,50.0,NGR,1,Bern (SUI),1988-08-23,1108,/athletes/athlete=23,34.98542274052479,19.0
238,10.29,1.6,Kelvin KELLY,42.0,USA,2,"Fayetteville, AR (USA)",1996-04-13,1108,/athletes/united-states/kelvin-kelly-014242778,34.98542274052479,18.0
238,10.29,1.2,Shingo KAWABATA,42.0,JPN,1,Hiroshima (JPN),1996-10-13,1108,/athletes/athlete=173569,34.98542274052479,19.0
238,10.29,1.2,Matt SHIRVINGTON,41.0,AUS,1,Sydney (AUS),1997-10-12,1108,/athletes/athlete=131013,34.98542274052479,19.0
238,10.29,1.6,Leonard SCOTT,40.0,USA,sf,"Boise, ID (USA)",1999-06-04,1108,/athletes/athlete=136996,34.98542274052479,19.0
238,10.29,2.0,Nicholas JOHNSON,36.0,USA,3,"Denton, TX (USA)",2000-06-23,1108,/athletes/athlete=176639,34.98542274052479,16.0
238,10.29,1.0,Carlos MOORE,36.0,USA,1,"Walnut, CA (USA)",2003-04-11,1108,/athletes/athlete=192160,34.98542274052479,19.0
238,10.29,1.2,Earvin PARKER,36.0,USA,2,"Austin, TX (USA)",2003-05-10,1108,/athletes/athlete=189791,34.98542274052479,19.0
238,10.29,0.8,Churandy MARTINA,36.0,AHO,2h5,St. George's (GRN),2003-07-04,1108,/athletes/athlete=170105,34.98542274052479,19.0
238,10.29,1.0,Remaldo ROSE,32.0,JAM,1,Kingston (JAM),2006-03-18,1108,/athletes/athlete=195981,34.98542274052479,18.0
238,10.29,1.0,Johathan DAVIS,32.0,BAH,1,"Mobile, AL (USA)",2007-04-14,1108,/athletes/athlete=227754,34.98542274052479,19.0
238,10.29,1.3,Michael GRANGER,29.0,USA,5,"Knoxville, TN (USA)",2010-05-16,1108,/athletes/athlete=244857,34.98542274052479,19.0
238,10.29,0.7,Roberto SKYERS,28.0,CUB,1f2,Belém (BRA),2010-05-19,1108,/athletes/athlete=236510,34.98542274052479,18.0
238,10.29,1.5,David BOLARINWA,26.0,GBR,1,Bedford (GBR),2011-05-29,1108,/athletes/athlete=256399,34.98542274052479,17.0
238,10.29,1.9,Baboloki THEBE,23.0,BOT,1,Gaborone (BOT),2015-05-23,1108,/athletes/athlete=284380,34.98542274052479,18.0
238,10.29,-0.8,Kenta OSHIMA,22.0,JPN,1,Wakayama (JPN),2015-07-30,1112,/athletes/athlete=285678,34.98542274052479,18.0
238,10.29,-0.3,Chun-Han YANG,23.0,TPE,1,Kaohsiung (TPE),2015-10-19,1109,/athletes/athlete=282909,34.98542274052479,19.0
238,10.29,2.0,Badrul Hisham ABDUL MANAP,23.0,MAS,1,B.S.Begawan (BRU),2015-11-23,1108,/athletes/athlete=284240,34.98542274052479,19.0
238,10.29,2.0,Vasyl MAKUKH,20.0,UKR,1,Lutsk (UKR),2018-06-02,1108,/athletes/athlete=313341,34.98542274052479,18.0
238,10.29,1.9,Buruno DEDE,20.0,JPN,1f1,Shizuoka (JPN),2018-08-26,1108,/athletes/athlete=429828,34.98542274052479,19.0
238,10.29,-0.5,Sinesipho DAMBILE,18.0,RSA,2,"Bestmed Tuks Stadium, Pretoria (RSA)",2020-03-14,1111,/athletes/athlete=370831,34.98542274052479,18.0
263,10.3,0.4,Derald HARRIS,62.0,USA,1,"Fresno, CA (USA)",1977-05-07,1105,/athletes/united-states/derald-harris-014344221,34.95145631067961,19.0
263,10.3,-0.1,Quincy WATTS,50.0,USA,1,"Provo, UT (USA)",1987-07-25,1105,/athletes/athlete=4118,34.95145631067961,18.0
263,10.3,1.8,Aleksandr SOKOLOV,49.0,URS,1,Moskva (URS),1990-06-14,1105,/athletes/athlete=4086,34.95145631067961,19.0
263,10.3,1.6,Takeshi ARAKAWA,46.0,JPN,1,Shizuoka (JPN),1991-08-03,1105,/athletes/athlete=12360,34.95145631067961,18.0
263,10.3,2.0,Riley WASHINGTON,46.0,USA,1,"Norwalk, CA (USA)",1992-06-06,1105,/athletes/united-states/riley-washington-014254329,34.95145631067961,18.0
263,10.3,1.2,Carlton CHAMBERS,45.0,CAN,5,"Estadio Universitario, Lisboa (POR)",1994-07-21,1105,/athletes/athlete=130436,34.95145631067961,20.0
263,10.3,1.0,Sybrand VAN DYK,34.0,RSA,1,Germiston (RSA),2002-03-09,1105,/athletes/south-africa/sybrand-van-dyk-014221381,34.95145631067961,16.0
263,10.3,0.6,Masaya AIKAWA,36.0,JPN,1,Naka (JPN),2002-08-03,1105,/athletes/athlete=184273,34.95145631067961,19.0
263,10.3,0.1,Yongyi WEN,33.0,CHN,1,Bangkok (THA),2006-05-18,1105,/athletes/athlete=199655,34.95145631067961,19.0
263,10.3,1.5,Gordon MCKENZIE,32.0,USA,2,"Indianapolis, IN (USA)",2006-06-22,1105,/athletes/athlete=221702,34.95145631067961,18.0
263,10.3,-1.7,Jeremy HALL,32.0,USA,1,"Tucson, AZ (USA)",2007-03-24,1115,/athletes/athlete=231865,34.95145631067961,19.0
263,10.3,1.7,Randall CARROLL,29.0,USA,1,"Garden City, NY (USA)",2009-05-07,1105,/athletes/athlete=236121,34.95145631067961,18.0
263,10.3,1.5,Rakieem SALAAM,30.0,USA,3h3,"Norman, OK (USA)",2009-05-29,1105,/athletes/athlete=242314,34.95145631067961,19.0
263,10.3,0.7,Diego CAVALCANTI,29.0,BRA,3,Port-of-Spain (TTO),2009-07-31,1105,/athletes/athlete=236043,34.95145631067961,19.0
263,10.3,1.8,Joeal HOTCHKINS,29.0,USA,4f1,"Walnut, CA (USA)",2010-06-06,1105,/athletes/athlete=250845,34.95145631067961,19.0
263,10.3,1.5,Deji TOBAIS,28.0,GBR,2f1,Mannheim (GER),2010-07-03,1105,/athletes/athlete=243921,34.95145631067961,18.0
263,10.3,0.6,Ayodele TAFFE,25.0,TTO,1,Port-of-Spain (TTO),2013-06-01,1105,/athletes/athlete=258403,34.95145631067961,18.0
263,10.3,1.4,Thando ROTO,24.0,RSA,6,Pretoria (RSA),2014-04-12,1105,/athletes/athlete=280753,34.95145631067961,18.0
263,10.3,1.0,Divine ODUDURU,23.0,NGR,2h4,Calabar (NGR),2014-06-19,1105,/athletes/athlete=280594,34.95145631067961,17.0
263,10.3,1.5,Hakim MONTGOMERY,23.0,USA,2,"Lafayette, LA (USA)",2016-05-15,1105,/athletes/athlete=310422,34.95145631067961,19.0
263,10.3,1.7,TJ BROCK,22.0,USA,2h3,"Austin, TX (USA)",2017-03-30,1105,/athletes/united-states/tj-brock-014641174,34.95145631067961,19.0
263,10.3,1.9,Yusuke TANAKA,22.0,JPN,2,Hiratsuka (JPN),2017-06-10,1105,/athletes/athlete=320096,34.95145631067961,19.0
263,10.3,1.5,Michael BENTLEY,21.0,JAM,1,Kingston (JAM),2018-06-22,1105,/athletes/athlete=297368,34.95145631067961,19.0
263,10.3,1.6,Arian SMITH,18.0,USA,1h2,"Hollywood, FL (USA)",2019-06-22,1105,/athletes/athlete=393438,34.95145631067961,17.0
